Pop_1E,MaleE,FemE,Hsp1E,NHspE,WtNHE,BlNHE,AIANNHE,AsnNHE,NHPINHE,OthNHE,Rc2plNHE,BoroCode,Shape_Leng,Shape_Area
30068.448979591838,14181.734693877552,15886.714285714286,16957.122448979593,13111.326530612245,2680.673469387755,8508.102040816326,69.6734693877551,1102.3061224489795,6.36734693877551,267.61224489795916,476.59183673469386,2.0,17837.9373331,15753915.8367
28912.831325301206,14155.301204819278,14757.530120481928,8075.240963855422,20837.590361445782,7098.951807228916,4884.253012048192,77.8433734939759,7380.578313253012,9.240963855421686,571.156626506024,815.566265060241,4.0,48184.4022993,26132395.9809
21443.217391304348,10467.608695652174,10975.608695652174,3954.6521739130435,17488.565217391304,12788.608695652174,1949.9565217391305,29.217391304347824,2221.782608695652,0.0,45.73913043478261,453.2608695652174,5.0,67592.5953327,180428305.238
21443.217391304348,10467.608695652174,10975.608695652174,3954.6521739130435,17488.565217391304,12788.608695652174,1949.9565217391305,29.217391304347824,2221.782608695652,0.0,45.73913043478261,453.2608695652174,5.0,38159.8608236,67773961.1418
28912.831325301206,14155.301204819278,14757.530120481928,8075.240963855422,20837.590361445782,7098.951807228916,4884.253012048192,77.8433734939759,7380.578313253012,9.240963855421686,571.156626506024,815.566265060241,4.0,21571.9909055,21084822.0502
28912.831325301206,14155.301204819278,14757.530120481928,8075.240963855422,20837.590361445782,7098.951807228916,4884.253012048192,77.8433734939759,7380.578313253012,9.240963855421686,571.156626506024,815.566265060241,4.0,24359.8870693,26043273.2608
28912.831325301206,14155.301204819278,14757.530120481928,8075.240963855422,20837.590361445782,7098.951807228916,4884.253012048192,77.8433734939759,7380.578313253012,9.240963855421686,571.156626506024,815.566265060241,4.0,45685.6404607,58301781.09419999
28912.831325301206,14155.301204819278,14757.530120481928,8075.240963855422,20837.590361445782,7098.951807228916,4884.253012048192,77.8433734939759,7380.578313253012,9.240963855421686,571.156626506024,815.566265060241,4.0,8570.89492236,2674946.1493
28912.831325301206,14155.301204819278,14757.530120481928,8075.240963855422,20837.590361445782,7098.951807228916,4884.253012048192,77.8433734939759,7380.578313253012,9.240963855421686,571.156626506024,815.566265060241,4.0,39268.139458,55464872.17999999
28912.831325301206,14155.301204819278,14757.530120481928,8075.240963855422,20837.590361445782,7098.951807228916,4884.253012048192,77.8433734939759,7380.578313253012,9.240963855421686,571.156626506024,815.566265060241,4.0,32461.2906166,47948908.1029
39309.565217391304,18724.27536231884,20585.289855072464,7384.449275362319,31925.115942028984,14439.623188405798,11254.797101449276,48.81159420289855,4618.63768115942,16.463768115942027,258.768115942029,1288.0144927536232,3.0,44394.2974379,54666302.9522
39309.565217391304,18724.27536231884,20585.289855072464,7384.449275362319,31925.115942028984,14439.623188405798,11254.797101449276,48.81159420289855,4618.63768115942,16.463768115942027,258.768115942029,1288.0144927536232,3.0,22422.3706826,20556460.4891
39309.565217391304,18724.27536231884,20585.289855072464,7384.449275362319,31925.115942028984,14439.623188405798,11254.797101449276,48.81159420289855,4618.63768115942,16.463768115942027,258.768115942029,1288.0144927536232,3.0,41302.5197245,61637531.6528
28912.831325301206,14155.301204819278,14757.530120481928,8075.240963855422,20837.590361445782,7098.951807228916,4884.253012048192,77.8433734939759,7380.578313253012,9.240963855421686,571.156626506024,815.566265060241,4.0,31201.867962700002,39315519.5955
28912.831325301206,14155.301204819278,14757.530120481928,8075.240963855422,20837.590361445782,7098.951807228916,4884.253012048192,77.8433734939759,7380.578313253012,9.240963855421686,571.156626506024,815.566265060241,4.0,41945.5008443,70410060.9271
30068.448979591838,14181.734693877552,15886.714285714286,16957.122448979593,13111.326530612245,2680.673469387755,8508.102040816326,69.6734693877551,1102.3061224489795,6.36734693877551,267.61224489795916,476.59183673469386,2.0,20826.4325425,24552528.8724
39309.565217391304,18724.27536231884,20585.289855072464,7384.449275362319,31925.115942028984,14439.623188405798,11254.797101449276,48.81159420289855,4618.63768115942,16.463768115942027,258.768115942029,1288.0144927536232,3.0,29753.971349,41289700.7379
39309.565217391304,18724.27536231884,20585.289855072464,7384.449275362319,31925.115942028984,14439.623188405798,11254.797101449276,48.81159420289855,4618.63768115942,16.463768115942027,258.768115942029,1288.0144927536232,3.0,26307.6460518,36906698.8302
28912.831325301206,14155.301204819278,14757.530120481928,8075.240963855422,20837.590361445782,7098.951807228916,4884.253012048192,77.8433734939759,7380.578313253012,9.240963855421686,571.156626506024,815.566265060241,4.0,32397.6635193,55322223.0696
30068.448979591838,14181.734693877552,15886.714285714286,16957.122448979593,13111.326530612245,2680.673469387755,8508.102040816326,69.6734693877551,1102.3061224489795,6.36734693877551,267.61224489795916,476.59183673469386,2.0,19746.6529273,16393957.4602
39309.565217391304,18724.27536231884,20585.289855072464,7384.449275362319,31925.115942028984,14439.623188405798,11254.797101449276,48.81159420289855,4618.63768115942,16.463768115942027,258.768115942029,1288.0144927536232,3.0,33669.6206896,48634931.3054
39309.565217391304,18724.27536231884,20585.289855072464,7384.449275362319,31925.115942028984,14439.623188405798,11254.797101449276,48.81159420289855,4618.63768115942,16.463768115942027,258.768115942029,1288.0144927536232,3.0,28481.0788224,40481286.1694
28912.831325301206,14155.301204819278,14757.530120481928,8075.240963855422,20837.590361445782,7098.951807228916,4884.253012048192,77.8433734939759,7380.578313253012,9.240963855421686,571.156626506024,815.566265060241,4.0,104337.146058,69230686.6319
39309.565217391304,18724.27536231884,20585.289855072464,7384.449275362319,31925.115942028984,14439.623188405798,11254.797101449276,48.81159420289855,4618.63768115942,16.463768115942027,258.768115942029,1288.0144927536232,3.0,16805.8963446,13564293.5158
30068.448979591838,14181.734693877552,15886.714285714286,16957.122448979593,13111.326530612245,2680.673469387755,8508.102040816326,69.6734693877551,1102.3061224489795,6.36734693877551,267.61224489795916,476.59183673469386,2.0,32849.0273674,33461446.5837
39309.565217391304,18724.27536231884,20585.289855072464,7384.449275362319,31925.115942028984,14439.623188405798,11254.797101449276,48.81159420289855,4618.63768115942,16.463768115942027,258.768115942029,1288.0144927536232,3.0,14312.5049112,9982321.61811
39309.565217391304,18724.27536231884,20585.289855072464,7384.449275362319,31925.115942028984,14439.623188405798,11254.797101449276,48.81159420289855,4618.63768115942,16.463768115942027,258.768115942029,1288.0144927536232,3.0,39387.6326877,10106059.5247
39309.565217391304,18724.27536231884,20585.289855072464,7384.449275362319,31925.115942028984,14439.623188405798,11254.797101449276,48.81159420289855,4618.63768115942,16.463768115942027,258.768115942029,1288.0144927536232,3.0,25719.2901622,30785525.8165
39309.565217391304,18724.27536231884,20585.289855072464,7384.449275362319,31925.115942028984,14439.623188405798,11254.797101449276,48.81159420289855,4618.63768115942,16.463768115942027,258.768115942029,1288.0144927536232,3.0,27121.6752991,27932137.9551
39309.565217391304,18724.27536231884,20585.289855072464,7384.449275362319,31925.115942028984,14439.623188405798,11254.797101449276,48.81159420289855,4618.63768115942,16.463768115942027,258.768115942029,1288.0144927536232,3.0,23685.2070277,23135495.4322
28912.831325301206,14155.301204819278,14757.530120481928,8075.240963855422,20837.590361445782,7098.951807228916,4884.253012048192,77.8433734939759,7380.578313253012,9.240963855421686,571.156626506024,815.566265060241,4.0,22214.0792314,14291819.9444
39309.565217391304,18724.27536231884,20585.289855072464,7384.449275362319,31925.115942028984,14439.623188405798,11254.797101449276,48.81159420289855,4618.63768115942,16.463768115942027,258.768115942029,1288.0144927536232,3.0,11280.7390606,4222370.92529
28912.831325301206,14155.301204819278,14757.530120481928,8075.240963855422,20837.590361445782,7098.951807228916,4884.253012048192,77.8433734939759,7380.578313253012,9.240963855421686,571.156626506024,815.566265060241,4.0,26160.9873853,33073254.0453
39309.565217391304,18724.27536231884,20585.289855072464,7384.449275362319,31925.115942028984,14439.623188405798,11254.797101449276,48.81159420289855,4618.63768115942,16.463768115942027,258.768115942029,1288.0144927536232,3.0,42345.5534557,70537629.8709
39309.565217391304,18724.27536231884,20585.289855072464,7384.449275362319,31925.115942028984,14439.623188405798,11254.797101449276,48.81159420289855,4618.63768115942,16.463768115942027,258.768115942029,1288.0144927536232,3.0,24203.9931496,11552049.3466
39309.565217391304,18724.27536231884,20585.289855072464,7384.449275362319,31925.115942028984,14439.623188405798,11254.797101449276,48.81159420289855,4618.63768115942,16.463768115942027,258.768115942029,1288.0144927536232,3.0,67164.8709595,60811778.3978
30068.448979591838,14181.734693877552,15886.714285714286,16957.122448979593,13111.326530612245,2680.673469387755,8508.102040816326,69.6734693877551,1102.3061224489795,6.36734693877551,267.61224489795916,476.59183673469386,2.0,39756.7170959,32897687.2664
43615.10526315789,20781.973684210527,22833.13157894737,11036.684210526315,32578.42105263158,20508.105263157893,5279.289473684211,41.973684210526315,5196.421052631579,9.842105263157896,272.44736842105266,1270.342105263158,1.0,32721.0972934,38312378.7422
43615.10526315789,20781.973684210527,22833.13157894737,11036.684210526315,32578.42105263158,20508.105263157893,5279.289473684211,41.973684210526315,5196.421052631579,9.842105263157896,272.44736842105266,1270.342105263158,1.0,40095.2356126,29671751.951
43615.10526315789,20781.973684210527,22833.13157894737,11036.684210526315,32578.42105263158,20508.105263157893,5279.289473684211,41.973684210526315,5196.421052631579,9.842105263157896,272.44736842105266,1270.342105263158,1.0,16464.3992533,11542574.0554
30068.448979591838,14181.734693877552,15886.714285714286,16957.122448979593,13111.326530612245,2680.673469387755,8508.102040816326,69.6734693877551,1102.3061224489795,6.36734693877551,267.61224489795916,476.59183673469386,2.0,6258.490085050001,1863712.12146
30068.448979591838,14181.734693877552,15886.714285714286,16957.122448979593,13111.326530612245,2680.673469387755,8508.102040816326,69.6734693877551,1102.3061224489795,6.36734693877551,267.61224489795916,476.59183673469386,2.0,16428.1102572,9996877.32456
39309.565217391304,18724.27536231884,20585.289855072464,7384.449275362319,31925.115942028984,14439.623188405798,11254.797101449276,48.81159420289855,4618.63768115942,16.463768115942027,258.768115942029,1288.0144927536232,3.0,18102.9685664,14566585.0064
30068.448979591838,14181.734693877552,15886.714285714286,16957.122448979593,13111.326530612245,2680.673469387755,8508.102040816326,69.6734693877551,1102.3061224489795,6.36734693877551,267.61224489795916,476.59183673469386,2.0,25102.6270141,29055660.9167
28912.831325301206,14155.301204819278,14757.530120481928,8075.240963855422,20837.590361445782,7098.951807228916,4884.253012048192,77.8433734939759,7380.578313253012,9.240963855421686,571.156626506024,815.566265060241,4.0,67458.3118783,66709670.3218
30068.448979591838,14181.734693877552,15886.714285714286,16957.122448979593,13111.326530612245,2680.673469387755,8508.102040816326,69.6734693877551,1102.3061224489795,6.36734693877551,267.61224489795916,476.59183673469386,2.0,29455.0837062,26502799.8279
39309.565217391304,18724.27536231884,20585.289855072464,7384.449275362319,31925.115942028984,14439.623188405798,11254.797101449276,48.81159420289855,4618.63768115942,16.463768115942027,258.768115942029,1288.0144927536232,3.0,49209.0296394,47501301.5754
28912.831325301206,14155.301204819278,14757.530120481928,8075.240963855422,20837.590361445782,7098.951807228916,4884.253012048192,77.8433734939759,7380.578313253012,9.240963855421686,571.156626506024,815.566265060241,4.0,22083.4234592,24025748.2771
30068.448979591838,14181.734693877552,15886.714285714286,16957.122448979593,13111.326530612245,2680.673469387755,8508.102040816326,69.6734693877551,1102.3061224489795,6.36734693877551,267.61224489795916,476.59183673469386,2.0,11725.2461047,6339738.9994
30068.448979591838,14181.734693877552,15886.714285714286,16957.122448979593,13111.326530612245,2680.673469387755,8508.102040816326,69.6734693877551,1102.3061224489795,6.36734693877551,267.61224489795916,476.59183673469386,2.0,20755.6379171,15978392.216599999
39309.565217391304,18724.27536231884,20585.289855072464,7384.449275362319,31925.115942028984,14439.623188405798,11254.797101449276,48.81159420289855,4618.63768115942,16.463768115942027,258.768115942029,1288.0144927536232,3.0,30149.1116259,35416337.7121
39309.565217391304,18724.27536231884,20585.289855072464,7384.449275362319,31925.115942028984,14439.623188405798,11254.797101449276,48.81159420289855,4618.63768115942,16.463768115942027,258.768115942029,1288.0144927536232,3.0,24197.4181415,20053793.0198
28912.831325301206,14155.301204819278,14757.530120481928,8075.240963855422,20837.590361445782,7098.951807228916,4884.253012048192,77.8433734939759,7380.578313253012,9.240963855421686,571.156626506024,815.566265060241,4.0,28158.2104288,21304892.4242
39309.565217391304,18724.27536231884,20585.289855072464,7384.449275362319,31925.115942028984,14439.623188405798,11254.797101449276,48.81159420289855,4618.63768115942,16.463768115942027,258.768115942029,1288.0144927536232,3.0,31089.661731500004,24378886.8162
28912.831325301206,14155.301204819278,14757.530120481928,8075.240963855422,20837.590361445782,7098.951807228916,4884.253012048192,77.8433734939759,7380.578313253012,9.240963855421686,571.156626506024,815.566265060241,4.0,51882.3068328,68149461.0396
39309.565217391304,18724.27536231884,20585.289855072464,7384.449275362319,31925.115942028984,14439.623188405798,11254.797101449276,48.81159420289855,4618.63768115942,16.463768115942027,258.768115942029,1288.0144927536232,3.0,30570.846016200005,23733661.7113
39309.565217391304,18724.27536231884,20585.289855072464,7384.449275362319,31925.115942028984,14439.623188405798,11254.797101449276,48.81159420289855,4618.63768115942,16.463768115942027,258.768115942029,1288.0144927536232,3.0,14627.5017594,9989377.55306
39309.565217391304,18724.27536231884,20585.289855072464,7384.449275362319,31925.115942028984,14439.623188405798,11254.797101449276,48.81159420289855,4618.63768115942,16.463768115942027,258.768115942029,1288.0144927536232,3.0,25001.4902557,29119072.894
28912.831325301206,14155.301204819278,14757.530120481928,8075.240963855422,20837.590361445782,7098.951807228916,4884.253012048192,77.8433734939759,7380.578313253012,9.240963855421686,571.156626506024,815.566265060241,4.0,24418.5676139,28763853.7419
39309.565217391304,18724.27536231884,20585.289855072464,7384.449275362319,31925.115942028984,14439.623188405798,11254.797101449276,48.81159420289855,4618.63768115942,16.463768115942027,258.768115942029,1288.0144927536232,3.0,21908.3884789,19770955.739
39309.565217391304,18724.27536231884,20585.289855072464,7384.449275362319,31925.115942028984,14439.623188405798,11254.797101449276,48.81159420289855,4618.63768115942,16.463768115942027,258.768115942029,1288.0144927536232,3.0,23276.2090214,24121898.8739
39309.565217391304,18724.27536231884,20585.289855072464,7384.449275362319,31925.115942028984,14439.623188405798,11254.797101449276,48.81159420289855,4618.63768115942,16.463768115942027,258.768115942029,1288.0144927536232,3.0,22055.8320771,18387355.0992
39309.565217391304,18724.27536231884,20585.289855072464,7384.449275362319,31925.115942028984,14439.623188405798,11254.797101449276,48.81159420289855,4618.63768115942,16.463768115942027,258.768115942029,1288.0144927536232,3.0,31993.779691599997,27207437.7154
28912.831325301206,14155.301204819278,14757.530120481928,8075.240963855422,20837.590361445782,7098.951807228916,4884.253012048192,77.8433734939759,7380.578313253012,9.240963855421686,571.156626506024,815.566265060241,4.0,28376.5005507,31659932.7074
43615.10526315789,20781.973684210527,22833.13157894737,11036.684210526315,32578.42105263158,20508.105263157893,5279.289473684211,41.973684210526315,5196.421052631579,9.842105263157896,272.44736842105266,1270.342105263158,1.0,28711.0003115,26104504.8437
43615.10526315789,20781.973684210527,22833.13157894737,11036.684210526315,32578.42105263158,20508.105263157893,5279.289473684211,41.973684210526315,5196.421052631579,9.842105263157896,272.44736842105266,1270.342105263158,1.0,18682.2650608,16653939.7417
43615.10526315789,20781.973684210527,22833.13157894737,11036.684210526315,32578.42105263158,20508.105263157893,5279.289473684211,41.973684210526315,5196.421052631579,9.842105263157896,272.44736842105266,1270.342105263158,1.0,16654.6859918,13138095.6198
39309.565217391304,18724.27536231884,20585.289855072464,7384.449275362319,31925.115942028984,14439.623188405798,11254.797101449276,48.81159420289855,4618.63768115942,16.463768115942027,258.768115942029,1288.0144927536232,3.0,25635.3385327,27907173.2049
39309.565217391304,18724.27536231884,20585.289855072464,7384.449275362319,31925.115942028984,14439.623188405798,11254.797101449276,48.81159420289855,4618.63768115942,16.463768115942027,258.768115942029,1288.0144927536232,3.0,29722.6976672,31529168.105099995
39309.565217391304,18724.27536231884,20585.289855072464,7384.449275362319,31925.115942028984,14439.623188405798,11254.797101449276,48.81159420289855,4618.63768115942,16.463768115942027,258.768115942029,1288.0144927536232,3.0,36564.358077,46453841.9053
43615.10526315789,20781.973684210527,22833.13157894737,11036.684210526315,32578.42105263158,20508.105263157893,5279.289473684211,41.973684210526315,5196.421052631579,9.842105263157896,272.44736842105266,1270.342105263158,1.0,21672.4148921,18977686.1882
39309.565217391304,18724.27536231884,20585.289855072464,7384.449275362319,31925.115942028984,14439.623188405798,11254.797101449276,48.81159420289855,4618.63768115942,16.463768115942027,258.768115942029,1288.0144927536232,3.0,43184.7728154,52266211.2654
30068.448979591838,14181.734693877552,15886.714285714286,16957.122448979593,13111.326530612245,2680.673469387755,8508.102040816326,69.6734693877551,1102.3061224489795,6.36734693877551,267.61224489795916,476.59183673469386,2.0,54240.4870054,56395309.7959
28912.831325301206,14155.301204819278,14757.530120481928,8075.240963855422,20837.590361445782,7098.951807228916,4884.253012048192,77.8433734939759,7380.578313253012,9.240963855421686,571.156626506024,815.566265060241,4.0,31838.0542558,42102083.9343
28912.831325301206,14155.301204819278,14757.530120481928,8075.240963855422,20837.590361445782,7098.951807228916,4884.253012048192,77.8433734939759,7380.578313253012,9.240963855421686,571.156626506024,815.566265060241,4.0,48626.2096497,60475222.2948
30068.448979591838,14181.734693877552,15886.714285714286,16957.122448979593,13111.326530612245,2680.673469387755,8508.102040816326,69.6734693877551,1102.3061224489795,6.36734693877551,267.61224489795916,476.59183673469386,2.0,26872.2149219,21745194.1736
43615.10526315789,20781.973684210527,22833.13157894737,11036.684210526315,32578.42105263158,20508.105263157893,5279.289473684211,41.973684210526315,5196.421052631579,9.842105263157896,272.44736842105266,1270.342105263158,1.0,44446.2387314,19245020.2043
39309.565217391304,18724.27536231884,20585.289855072464,7384.449275362319,31925.115942028984,14439.623188405798,11254.797101449276,48.81159420289855,4618.63768115942,16.463768115942027,258.768115942029,1288.0144927536232,3.0,33235.6144991,24024170.8588
39309.565217391304,18724.27536231884,20585.289855072464,7384.449275362319,31925.115942028984,14439.623188405798,11254.797101449276,48.81159420289855,4618.63768115942,16.463768115942027,258.768115942029,1288.0144927536232,3.0,31252.1644935,22904661.2315
39309.565217391304,18724.27536231884,20585.289855072464,7384.449275362319,31925.115942028984,14439.623188405798,11254.797101449276,48.81159420289855,4618.63768115942,16.463768115942027,258.768115942029,1288.0144927536232,3.0,40597.2781543,54337180.5023
28912.831325301206,14155.301204819278,14757.530120481928,8075.240963855422,20837.590361445782,7098.951807228916,4884.253012048192,77.8433734939759,7380.578313253012,9.240963855421686,571.156626506024,815.566265060241,4.0,61473.3232936,55241396.9518
28912.831325301206,14155.301204819278,14757.530120481928,8075.240963855422,20837.590361445782,7098.951807228916,4884.253012048192,77.8433734939759,7380.578313253012,9.240963855421686,571.156626506024,815.566265060241,4.0,30770.9094022,38542563.309
30068.448979591838,14181.734693877552,15886.714285714286,16957.122448979593,13111.326530612245,2680.673469387755,8508.102040816326,69.6734693877551,1102.3061224489795,6.36734693877551,267.61224489795916,476.59183673469386,2.0,12917.2800852,7379039.861429999
28912.831325301206,14155.301204819278,14757.530120481928,8075.240963855422,20837.590361445782,7098.951807228916,4884.253012048192,77.8433734939759,7380.578313253012,9.240963855421686,571.156626506024,815.566265060241,4.0,36075.2581008,57953604.1125
28912.831325301206,14155.301204819278,14757.530120481928,8075.240963855422,20837.590361445782,7098.951807228916,4884.253012048192,77.8433734939759,7380.578313253012,9.240963855421686,571.156626506024,815.566265060241,4.0,29484.7879712,24010777.1287
39309.565217391304,18724.27536231884,20585.289855072464,7384.449275362319,31925.115942028984,14439.623188405798,11254.797101449276,48.81159420289855,4618.63768115942,16.463768115942027,258.768115942029,1288.0144927536232,3.0,23284.8140224,17534196.383
39309.565217391304,18724.27536231884,20585.289855072464,7384.449275362319,31925.115942028984,14439.623188405798,11254.797101449276,48.81159420289855,4618.63768115942,16.463768115942027,258.768115942029,1288.0144927536232,3.0,16461.0789457,8463972.36796
28912.831325301206,14155.301204819278,14757.530120481928,8075.240963855422,20837.590361445782,7098.951807228916,4884.253012048192,77.8433734939759,7380.578313253012,9.240963855421686,571.156626506024,815.566265060241,4.0,14563.738159900002,6957321.37097
21443.217391304348,10467.608695652174,10975.608695652174,3954.6521739130435,17488.565217391304,12788.608695652174,1949.9565217391305,29.217391304347824,2221.782608695652,0.0,45.73913043478261,453.2608695652174,5.0,14816.1044546,9864873.50236
28912.831325301206,14155.301204819278,14757.530120481928,8075.240963855422,20837.590361445782,7098.951807228916,4884.253012048192,77.8433734939759,7380.578313253012,9.240963855421686,571.156626506024,815.566265060241,4.0,28347.5466923,33196055.893200003
21443.217391304348,10467.608695652174,10975.608695652174,3954.6521739130435,17488.565217391304,12788.608695652174,1949.9565217391305,29.217391304347824,2221.782608695652,0.0,45.73913043478261,453.2608695652174,5.0,44304.7613848,68122138.9666
21443.217391304348,10467.608695652174,10975.608695652174,3954.6521739130435,17488.565217391304,12788.608695652174,1949.9565217391305,29.217391304347824,2221.782608695652,0.0,45.73913043478261,453.2608695652174,5.0,33945.4202907,47758768.5386
28912.831325301206,14155.301204819278,14757.530120481928,8075.240963855422,20837.590361445782,7098.951807228916,4884.253012048192,77.8433734939759,7380.578313253012,9.240963855421686,571.156626506024,815.566265060241,4.0,33404.1387431,45421116.8137
28912.831325301206,14155.301204819278,14757.530120481928,8075.240963855422,20837.590361445782,7098.951807228916,4884.253012048192,77.8433734939759,7380.578313253012,9.240963855421686,571.156626506024,815.566265060241,4.0,41557.4902549,30006442.3282
43615.10526315789,20781.973684210527,22833.13157894737,11036.684210526315,32578.42105263158,20508.105263157893,5279.289473684211,41.973684210526315,5196.421052631579,9.842105263157896,272.44736842105266,1270.342105263158,1.0,12096.890854,7526916.452149999
21443.217391304348,10467.608695652174,10975.608695652174,3954.6521739130435,17488.565217391304,12788.608695652174,1949.9565217391305,29.217391304347824,2221.782608695652,0.0,45.73913043478261,453.2608695652174,5.0,43111.4120145,80113138.3202
39309.565217391304,18724.27536231884,20585.289855072464,7384.449275362319,31925.115942028984,14439.623188405798,11254.797101449276,48.81159420289855,4618.63768115942,16.463768115942027,258.768115942029,1288.0144927536232,3.0,31840.772799900005,34880660.5845
39309.565217391304,18724.27536231884,20585.289855072464,7384.449275362319,31925.115942028984,14439.623188405798,11254.797101449276,48.81159420289855,4618.63768115942,16.463768115942027,258.768115942029,1288.0144927536232,3.0,36857.7899733,25835766.1982
39309.565217391304,18724.27536231884,20585.289855072464,7384.449275362319,31925.115942028984,14439.623188405798,11254.797101449276,48.81159420289855,4618.63768115942,16.463768115942027,258.768115942029,1288.0144927536232,3.0,32821.0633932,33835199.9393
21443.217391304348,10467.608695652174,10975.608695652174,3954.6521739130435,17488.565217391304,12788.608695652174,1949.9565217391305,29.217391304347824,2221.782608695652,0.0,45.73913043478261,453.2608695652174,5.0,41465.4300279,23377914.7603
21443.217391304348,10467.608695652174,10975.608695652174,3954.6521739130435,17488.565217391304,12788.608695652174,1949.9565217391305,29.217391304347824,2221.782608695652,0.0,45.73913043478261,453.2608695652174,5.0,67426.8932748,116746800.92200002
39309.565217391304,18724.27536231884,20585.289855072464,7384.449275362319,31925.115942028984,14439.623188405798,11254.797101449276,48.81159420289855,4618.63768115942,16.463768115942027,258.768115942029,1288.0144927536232,3.0,18789.0223745,21101598.4551
39309.565217391304,18724.27536231884,20585.289855072464,7384.449275362319,31925.115942028984,14439.623188405798,11254.797101449276,48.81159420289855,4618.63768115942,16.463768115942027,258.768115942029,1288.0144927536232,3.0,28914.1722357,35321852.2888
43615.10526315789,20781.973684210527,22833.13157894737,11036.684210526315,32578.42105263158,20508.105263157893,5279.289473684211,41.973684210526315,5196.421052631579,9.842105263157896,272.44736842105266,1270.342105263158,1.0,12973.1279208,10605561.7407
43615.10526315789,20781.973684210527,22833.13157894737,11036.684210526315,32578.42105263158,20508.105263157893,5279.289473684211,41.973684210526315,5196.421052631579,9.842105263157896,272.44736842105266,1270.342105263158,1.0,17103.363129,15984382.9696
43615.10526315789,20781.973684210527,22833.13157894737,11036.684210526315,32578.42105263158,20508.105263157893,5279.289473684211,41.973684210526315,5196.421052631579,9.842105263157896,272.44736842105266,1270.342105263158,1.0,26098.0513913,23790626.0591
43615.10526315789,20781.973684210527,22833.13157894737,11036.684210526315,32578.42105263158,20508.105263157893,5279.289473684211,41.973684210526315,5196.421052631579,9.842105263157896,272.44736842105266,1270.342105263158,1.0,16624.4627893,14441227.637699999
30068.448979591838,14181.734693877552,15886.714285714286,16957.122448979593,13111.326530612245,2680.673469387755,8508.102040816326,69.6734693877551,1102.3061224489795,6.36734693877551,267.61224489795916,476.59183673469386,2.0,16968.1030104,4905120.41555
43615.10526315789,20781.973684210527,22833.13157894737,11036.684210526315,32578.42105263158,20508.105263157893,5279.289473684211,41.973684210526315,5196.421052631579,9.842105263157896,272.44736842105266,1270.342105263158,1.0,34651.527343,18382315.8397
30068.448979591838,14181.734693877552,15886.714285714286,16957.122448979593,13111.326530612245,2680.673469387755,8508.102040816326,69.6734693877551,1102.3061224489795,6.36734693877551,267.61224489795916,476.59183673469386,2.0,15718.8767396,13050500.441
43615.10526315789,20781.973684210527,22833.13157894737,11036.684210526315,32578.42105263158,20508.105263157893,5279.289473684211,41.973684210526315,5196.421052631579,9.842105263157896,272.44736842105266,1270.342105263158,1.0,27245.5892652,7752363.861409999
28912.831325301206,14155.301204819278,14757.530120481928,8075.240963855422,20837.590361445782,7098.951807228916,4884.253012048192,77.8433734939759,7380.578313253012,9.240963855421686,571.156626506024,815.566265060241,4.0,33067.8272172,31227049.9902
39309.565217391304,18724.27536231884,20585.289855072464,7384.449275362319,31925.115942028984,14439.623188405798,11254.797101449276,48.81159420289855,4618.63768115942,16.463768115942027,258.768115942029,1288.0144927536232,3.0,15889.670132,8100960.0004900005
21443.217391304348,10467.608695652174,10975.608695652174,3954.6521739130435,17488.565217391304,12788.608695652174,1949.9565217391305,29.217391304347824,2221.782608695652,0.0,45.73913043478261,453.2608695652174,5.0,4743.12812675,635701.967583
28912.831325301206,14155.301204819278,14757.530120481928,8075.240963855422,20837.590361445782,7098.951807228916,4884.253012048192,77.8433734939759,7380.578313253012,9.240963855421686,571.156626506024,815.566265060241,4.0,22923.7455112,24469310.8751
39309.565217391304,18724.27536231884,20585.289855072464,7384.449275362319,31925.115942028984,14439.623188405798,11254.797101449276,48.81159420289855,4618.63768115942,16.463768115942027,258.768115942029,1288.0144927536232,3.0,9226.10071533,4276575.27415
28912.831325301206,14155.301204819278,14757.530120481928,8075.240963855422,20837.590361445782,7098.951807228916,4884.253012048192,77.8433734939759,7380.578313253012,9.240963855421686,571.156626506024,815.566265060241,4.0,73875.0861483,52604804.0465
30068.448979591838,14181.734693877552,15886.714285714286,16957.122448979593,13111.326530612245,2680.673469387755,8508.102040816326,69.6734693877551,1102.3061224489795,6.36734693877551,267.61224489795916,476.59183673469386,2.0,37430.317447,45038858.63729999
30068.448979591838,14181.734693877552,15886.714285714286,16957.122448979593,13111.326530612245,2680.673469387755,8508.102040816326,69.6734693877551,1102.3061224489795,6.36734693877551,267.61224489795916,476.59183673469386,2.0,20683.484157,12189729.335800001
43615.10526315789,20781.973684210527,22833.13157894737,11036.684210526315,32578.42105263158,20508.105263157893,5279.289473684211,41.973684210526315,5196.421052631579,9.842105263157896,272.44736842105266,1270.342105263158,1.0,23347.4043037,14437615.803400002
43615.10526315789,20781.973684210527,22833.13157894737,11036.684210526315,32578.42105263158,20508.105263157893,5279.289473684211,41.973684210526315,5196.421052631579,9.842105263157896,272.44736842105266,1270.342105263158,1.0,20537.2051943,10007466.9247
28912.831325301206,14155.301204819278,14757.530120481928,8075.240963855422,20837.590361445782,7098.951807228916,4884.253012048192,77.8433734939759,7380.578313253012,9.240963855421686,571.156626506024,815.566265060241,4.0,27112.8052247,39315143.6312
28912.831325301206,14155.301204819278,14757.530120481928,8075.240963855422,20837.590361445782,7098.951807228916,4884.253012048192,77.8433734939759,7380.578313253012,9.240963855421686,571.156626506024,815.566265060241,4.0,63380.5467753,52637903.9736
28912.831325301206,14155.301204819278,14757.530120481928,8075.240963855422,20837.590361445782,7098.951807228916,4884.253012048192,77.8433734939759,7380.578313253012,9.240963855421686,571.156626506024,815.566265060241,4.0,41767.6656155,46830463.4565
28912.831325301206,14155.301204819278,14757.530120481928,8075.240963855422,20837.590361445782,7098.951807228916,4884.253012048192,77.8433734939759,7380.578313253012,9.240963855421686,571.156626506024,815.566265060241,4.0,148864.816272,69920670.4073
39309.565217391304,18724.27536231884,20585.289855072464,7384.449275362319,31925.115942028984,14439.623188405798,11254.797101449276,48.81159420289855,4618.63768115942,16.463768115942027,258.768115942029,1288.0144927536232,3.0,136901.829722,39754276.8935
28912.831325301206,14155.301204819278,14757.530120481928,8075.240963855422,20837.590361445782,7098.951807228916,4884.253012048192,77.8433734939759,7380.578313253012,9.240963855421686,571.156626506024,815.566265060241,4.0,32384.300050199996,39411596.0748
28912.831325301206,14155.301204819278,14757.530120481928,8075.240963855422,20837.590361445782,7098.951807228916,4884.253012048192,77.8433734939759,7380.578313253012,9.240963855421686,571.156626506024,815.566265060241,4.0,29649.1629441,27602417.6831
28912.831325301206,14155.301204819278,14757.530120481928,8075.240963855422,20837.590361445782,7098.951807228916,4884.253012048192,77.8433734939759,7380.578313253012,9.240963855421686,571.156626506024,815.566265060241,4.0,103582.25394300002,197189858.869
39309.565217391304,18724.27536231884,20585.289855072464,7384.449275362319,31925.115942028984,14439.623188405798,11254.797101449276,48.81159420289855,4618.63768115942,16.463768115942027,258.768115942029,1288.0144927536232,3.0,20316.7344947,17471228.5678
28912.831325301206,14155.301204819278,14757.530120481928,8075.240963855422,20837.590361445782,7098.951807228916,4884.253012048192,77.8433734939759,7380.578313253012,9.240963855421686,571.156626506024,815.566265060241,4.0,21653.2155934,20284898.865
28912.831325301206,14155.301204819278,14757.530120481928,8075.240963855422,20837.590361445782,7098.951807228916,4884.253012048192,77.8433734939759,7380.578313253012,9.240963855421686,571.156626506024,815.566265060241,4.0,28339.3049048,34306412.9191
30068.448979591838,14181.734693877552,15886.714285714286,16957.122448979593,13111.326530612245,2680.673469387755,8508.102040816326,69.6734693877551,1102.3061224489795,6.36734693877551,267.61224489795916,476.59183673469386,2.0,20452.7868037,10966721.1851
30068.448979591838,14181.734693877552,15886.714285714286,16957.122448979593,13111.326530612245,2680.673469387755,8508.102040816326,69.6734693877551,1102.3061224489795,6.36734693877551,267.61224489795916,476.59183673469386,2.0,19810.9644057,12312473.8953
28912.831325301206,14155.301204819278,14757.530120481928,8075.240963855422,20837.590361445782,7098.951807228916,4884.253012048192,77.8433734939759,7380.578313253012,9.240963855421686,571.156626506024,815.566265060241,4.0,15362.4024507,11015411.5821
28912.831325301206,14155.301204819278,14757.530120481928,8075.240963855422,20837.590361445782,7098.951807228916,4884.253012048192,77.8433734939759,7380.578313253012,9.240963855421686,571.156626506024,815.566265060241,4.0,40422.8383252,30591951.893200003
28912.831325301206,14155.301204819278,14757.530120481928,8075.240963855422,20837.590361445782,7098.951807228916,4884.253012048192,77.8433734939759,7380.578313253012,9.240963855421686,571.156626506024,815.566265060241,4.0,30011.2811217,39840608.8574
39309.565217391304,18724.27536231884,20585.289855072464,7384.449275362319,31925.115942028984,14439.623188405798,11254.797101449276,48.81159420289855,4618.63768115942,16.463768115942027,258.768115942029,1288.0144927536232,3.0,4568.61695824,1214617.20439
28912.831325301206,14155.301204819278,14757.530120481928,8075.240963855422,20837.590361445782,7098.951807228916,4884.253012048192,77.8433734939759,7380.578313253012,9.240963855421686,571.156626506024,815.566265060241,4.0,37376.5879598,27595502.4746
30068.448979591838,14181.734693877552,15886.714285714286,16957.122448979593,13111.326530612245,2680.673469387755,8508.102040816326,69.6734693877551,1102.3061224489795,6.36734693877551,267.61224489795916,476.59183673469386,2.0,21721.7556755,15385148.4557
43615.10526315789,20781.973684210527,22833.13157894737,11036.684210526315,32578.42105263158,20508.105263157893,5279.289473684211,41.973684210526315,5196.421052631579,9.842105263157896,272.44736842105266,1270.342105263158,1.0,19890.8854434,16473190.9115
39309.565217391304,18724.27536231884,20585.289855072464,7384.449275362319,31925.115942028984,14439.623188405798,11254.797101449276,48.81159420289855,4618.63768115942,16.463768115942027,258.768115942029,1288.0144927536232,3.0,26237.2574783,27379162.2434
43615.10526315789,20781.973684210527,22833.13157894737,11036.684210526315,32578.42105263158,20508.105263157893,5279.289473684211,41.973684210526315,5196.421052631579,9.842105263157896,272.44736842105266,1270.342105263158,1.0,17357.2465699,10734804.8056
39309.565217391304,18724.27536231884,20585.289855072464,7384.449275362319,31925.115942028984,14439.623188405798,11254.797101449276,48.81159420289855,4618.63768115942,16.463768115942027,258.768115942029,1288.0144927536232,3.0,27783.8768355,31356436.5244
39309.565217391304,18724.27536231884,20585.289855072464,7384.449275362319,31925.115942028984,14439.623188405798,11254.797101449276,48.81159420289855,4618.63768115942,16.463768115942027,258.768115942029,1288.0144927536232,3.0,76296.3787283,58872206.5056
39309.565217391304,18724.27536231884,20585.289855072464,7384.449275362319,31925.115942028984,14439.623188405798,11254.797101449276,48.81159420289855,4618.63768115942,16.463768115942027,258.768115942029,1288.0144927536232,3.0,96948.219886,43276897.0904
21443.217391304348,10467.608695652174,10975.608695652174,3954.6521739130435,17488.565217391304,12788.608695652174,1949.9565217391305,29.217391304347824,2221.782608695652,0.0,45.73913043478261,453.2608695652174,5.0,71333.5623348,89389091.0034
28912.831325301206,14155.301204819278,14757.530120481928,8075.240963855422,20837.590361445782,7098.951807228916,4884.253012048192,77.8433734939759,7380.578313253012,9.240963855421686,571.156626506024,815.566265060241,4.0,53782.106380799996,58317407.9791
39309.565217391304,18724.27536231884,20585.289855072464,7384.449275362319,31925.115942028984,14439.623188405798,11254.797101449276,48.81159420289855,4618.63768115942,16.463768115942027,258.768115942029,1288.0144927536232,3.0,24718.6596443,10589612.1331
30068.448979591838,14181.734693877552,15886.714285714286,16957.122448979593,13111.326530612245,2680.673469387755,8508.102040816326,69.6734693877551,1102.3061224489795,6.36734693877551,267.61224489795916,476.59183673469386,2.0,19589.1956361,17271763.9632
28912.831325301206,14155.301204819278,14757.530120481928,8075.240963855422,20837.590361445782,7098.951807228916,4884.253012048192,77.8433734939759,7380.578313253012,9.240963855421686,571.156626506024,815.566265060241,4.0,35018.3939958,34943403.1145
28912.831325301206,14155.301204819278,14757.530120481928,8075.240963855422,20837.590361445782,7098.951807228916,4884.253012048192,77.8433734939759,7380.578313253012,9.240963855421686,571.156626506024,815.566265060241,4.0,10370.4612317,5511491.24901
43615.10526315789,20781.973684210527,22833.13157894737,11036.684210526315,32578.42105263158,20508.105263157893,5279.289473684211,41.973684210526315,5196.421052631579,9.842105263157896,272.44736842105266,1270.342105263158,1.0,18800.7659695,14878105.144099997
43615.10526315789,20781.973684210527,22833.13157894737,11036.684210526315,32578.42105263158,20508.105263157893,5279.289473684211,41.973684210526315,5196.421052631579,9.842105263157896,272.44736842105266,1270.342105263158,1.0,21258.4013714,24552509.126
39309.565217391304,18724.27536231884,20585.289855072464,7384.449275362319,31925.115942028984,14439.623188405798,11254.797101449276,48.81159420289855,4618.63768115942,16.463768115942027,258.768115942029,1288.0144927536232,3.0,25033.2774041,32217737.395500004
21443.217391304348,10467.608695652174,10975.608695652174,3954.6521739130435,17488.565217391304,12788.608695652174,1949.9565217391305,29.217391304347824,2221.782608695652,0.0,45.73913043478261,453.2608695652174,5.0,19197.2009732,10866804.1436
28912.831325301206,14155.301204819278,14757.530120481928,8075.240963855422,20837.590361445782,7098.951807228916,4884.253012048192,77.8433734939759,7380.578313253012,9.240963855421686,571.156626506024,815.566265060241,4.0,11843.0836062,5322022.89155
43615.10526315789,20781.973684210527,22833.13157894737,11036.684210526315,32578.42105263158,20508.105263157893,5279.289473684211,41.973684210526315,5196.421052631579,9.842105263157896,272.44736842105266,1270.342105263158,1.0,17757.8073339,15922766.5105
30068.448979591838,14181.734693877552,15886.714285714286,16957.122448979593,13111.326530612245,2680.673469387755,8508.102040816326,69.6734693877551,1102.3061224489795,6.36734693877551,267.61224489795916,476.59183673469386,2.0,24671.3980769,27833108.8186
30068.448979591838,14181.734693877552,15886.714285714286,16957.122448979593,13111.326530612245,2680.673469387755,8508.102040816326,69.6734693877551,1102.3061224489795,6.36734693877551,267.61224489795916,476.59183673469386,2.0,21889.2147161,13811173.7627
30068.448979591838,14181.734693877552,15886.714285714286,16957.122448979593,13111.326530612245,2680.673469387755,8508.102040816326,69.6734693877551,1102.3061224489795,6.36734693877551,267.61224489795916,476.59183673469386,2.0,29217.8230113,40974654.6448
30068.448979591838,14181.734693877552,15886.714285714286,16957.122448979593,13111.326530612245,2680.673469387755,8508.102040816326,69.6734693877551,1102.3061224489795,6.36734693877551,267.61224489795916,476.59183673469386,2.0,21548.5389296,13607266.0084
28912.831325301206,14155.301204819278,14757.530120481928,8075.240963855422,20837.590361445782,7098.951807228916,4884.253012048192,77.8433734939759,7380.578313253012,9.240963855421686,571.156626506024,815.566265060241,4.0,15876.2581121,9208958.14137
30068.448979591838,14181.734693877552,15886.714285714286,16957.122448979593,13111.326530612245,2680.673469387755,8508.102040816326,69.6734693877551,1102.3061224489795,6.36734693877551,267.61224489795916,476.59183673469386,2.0,16278.243664,12684327.5421
28912.831325301206,14155.301204819278,14757.530120481928,8075.240963855422,20837.590361445782,7098.951807228916,4884.253012048192,77.8433734939759,7380.578313253012,9.240963855421686,571.156626506024,815.566265060241,4.0,19120.1861238,7642767.67572
28912.831325301206,14155.301204819278,14757.530120481928,8075.240963855422,20837.590361445782,7098.951807228916,4884.253012048192,77.8433734939759,7380.578313253012,9.240963855421686,571.156626506024,815.566265060241,4.0,37469.2244064,56452698.9206
43615.10526315789,20781.973684210527,22833.13157894737,11036.684210526315,32578.42105263158,20508.105263157893,5279.289473684211,41.973684210526315,5196.421052631579,9.842105263157896,272.44736842105266,1270.342105263158,1.0,23944.8002383,15771152.6765
21443.217391304348,10467.608695652174,10975.608695652174,3954.6521739130435,17488.565217391304,12788.608695652174,1949.9565217391305,29.217391304347824,2221.782608695652,0.0,45.73913043478261,453.2608695652174,5.0,49753.47357709999,62182629.3757
21443.217391304348,10467.608695652174,10975.608695652174,3954.6521739130435,17488.565217391304,12788.608695652174,1949.9565217391305,29.217391304347824,2221.782608695652,0.0,45.73913043478261,453.2608695652174,5.0,91568.3054592,209443473.653
30068.448979591838,14181.734693877552,15886.714285714286,16957.122448979593,13111.326530612245,2680.673469387755,8508.102040816326,69.6734693877551,1102.3061224489795,6.36734693877551,267.61224489795916,476.59183673469386,2.0,6884.55137338,930649.1830719999
28912.831325301206,14155.301204819278,14757.530120481928,8075.240963855422,20837.590361445782,7098.951807228916,4884.253012048192,77.8433734939759,7380.578313253012,9.240963855421686,571.156626506024,815.566265060241,4.0,15547.581323599998,13961243.7702
30068.448979591838,14181.734693877552,15886.714285714286,16957.122448979593,13111.326530612245,2680.673469387755,8508.102040816326,69.6734693877551,1102.3061224489795,6.36734693877551,267.61224489795916,476.59183673469386,2.0,22150.3086645,15724928.6239
28912.831325301206,14155.301204819278,14757.530120481928,8075.240963855422,20837.590361445782,7098.951807228916,4884.253012048192,77.8433734939759,7380.578313253012,9.240963855421686,571.156626506024,815.566265060241,4.0,33891.0996748,39634775.4019
21443.217391304348,10467.608695652174,10975.608695652174,3954.6521739130435,17488.565217391304,12788.608695652174,1949.9565217391305,29.217391304347824,2221.782608695652,0.0,45.73913043478261,453.2608695652174,5.0,44192.903218,55937303.1147
39309.565217391304,18724.27536231884,20585.289855072464,7384.449275362319,31925.115942028984,14439.623188405798,11254.797101449276,48.81159420289855,4618.63768115942,16.463768115942027,258.768115942029,1288.0144927536232,3.0,22494.5815273,20089910.8185
28912.831325301206,14155.301204819278,14757.530120481928,8075.240963855422,20837.590361445782,7098.951807228916,4884.253012048192,77.8433734939759,7380.578313253012,9.240963855421686,571.156626506024,815.566265060241,4.0,15402.9907928,11092345.0547
28912.831325301206,14155.301204819278,14757.530120481928,8075.240963855422,20837.590361445782,7098.951807228916,4884.253012048192,77.8433734939759,7380.578313253012,9.240963855421686,571.156626506024,815.566265060241,4.0,25097.1962606,25107784.8345
28912.831325301206,14155.301204819278,14757.530120481928,8075.240963855422,20837.590361445782,7098.951807228916,4884.253012048192,77.8433734939759,7380.578313253012,9.240963855421686,571.156626506024,815.566265060241,4.0,24790.7567832,18087303.6296
39309.565217391304,18724.27536231884,20585.289855072464,7384.449275362319,31925.115942028984,14439.623188405798,11254.797101449276,48.81159420289855,4618.63768115942,16.463768115942027,258.768115942029,1288.0144927536232,3.0,23501.696633,25829299.245
30068.448979591838,14181.734693877552,15886.714285714286,16957.122448979593,13111.326530612245,2680.673469387755,8508.102040816326,69.6734693877551,1102.3061224489795,6.36734693877551,267.61224489795916,476.59183673469386,2.0,12411.8211658,9184335.19283
30068.448979591838,14181.734693877552,15886.714285714286,16957.122448979593,13111.326530612245,2680.673469387755,8508.102040816326,69.6734693877551,1102.3061224489795,6.36734693877551,267.61224489795916,476.59183673469386,2.0,111114.67902300002,99256120.37169999
30068.448979591838,14181.734693877552,15886.714285714286,16957.122448979593,13111.326530612245,2680.673469387755,8508.102040816326,69.6734693877551,1102.3061224489795,6.36734693877551,267.61224489795916,476.59183673469386,2.0,121141.290814,35309788.882
30068.448979591838,14181.734693877552,15886.714285714286,16957.122448979593,13111.326530612245,2680.673469387755,8508.102040816326,69.6734693877551,1102.3061224489795,6.36734693877551,267.61224489795916,476.59183673469386,2.0,24343.0047644,30064822.7853
30068.448979591838,14181.734693877552,15886.714285714286,16957.122448979593,13111.326530612245,2680.673469387755,8508.102040816326,69.6734693877551,1102.3061224489795,6.36734693877551,267.61224489795916,476.59183673469386,2.0,22996.7596459,15587595.457400002
28912.831325301206,14155.301204819278,14757.530120481928,8075.240963855422,20837.590361445782,7098.951807228916,4884.253012048192,77.8433734939759,7380.578313253012,9.240963855421686,571.156626506024,815.566265060241,4.0,28608.0404677,36974156.5814
21443.217391304348,10467.608695652174,10975.608695652174,3954.6521739130435,17488.565217391304,12788.608695652174,1949.9565217391305,29.217391304347824,2221.782608695652,0.0,45.73913043478261,453.2608695652174,5.0,39708.1579609,36236920.7251
39309.565217391304,18724.27536231884,20585.289855072464,7384.449275362319,31925.115942028984,14439.623188405798,11254.797101449276,48.81159420289855,4618.63768115942,16.463768115942027,258.768115942029,1288.0144927536232,3.0,15044.3605783,10313415.1254
39309.565217391304,18724.27536231884,20585.289855072464,7384.449275362319,31925.115942028984,14439.623188405798,11254.797101449276,48.81159420289855,4618.63768115942,16.463768115942027,258.768115942029,1288.0144927536232,3.0,26320.6283939,24039163.2131
39309.565217391304,18724.27536231884,20585.289855072464,7384.449275362319,31925.115942028984,14439.623188405798,11254.797101449276,48.81159420289855,4618.63768115942,16.463768115942027,258.768115942029,1288.0144927536232,3.0,24199.0687367,27324219.1375
28912.831325301206,14155.301204819278,14757.530120481928,8075.240963855422,20837.590361445782,7098.951807228916,4884.253012048192,77.8433734939759,7380.578313253012,9.240963855421686,571.156626506024,815.566265060241,4.0,37292.3976734,69655494.8296
28912.831325301206,14155.301204819278,14757.530120481928,8075.240963855422,20837.590361445782,7098.951807228916,4884.253012048192,77.8433734939759,7380.578313253012,9.240963855421686,571.156626506024,815.566265060241,4.0,30839.7008945,26427737.971900005
28912.831325301206,14155.301204819278,14757.530120481928,8075.240963855422,20837.590361445782,7098.951807228916,4884.253012048192,77.8433734939759,7380.578313253012,9.240963855421686,571.156626506024,815.566265060241,4.0,27093.785536499996,27721577.755
43615.10526315789,20781.973684210527,22833.13157894737,11036.684210526315,32578.42105263158,20508.105263157893,5279.289473684211,41.973684210526315,5196.421052631579,9.842105263157896,272.44736842105266,1270.342105263158,1.0,24946.2385525,23466537.4851
28912.831325301206,14155.301204819278,14757.530120481928,8075.240963855422,20837.590361445782,7098.951807228916,4884.253012048192,77.8433734939759,7380.578313253012,9.240963855421686,571.156626506024,815.566265060241,4.0,26496.2223166,20193352.2012
28912.831325301206,14155.301204819278,14757.530120481928,8075.240963855422,20837.590361445782,7098.951807228916,4884.253012048192,77.8433734939759,7380.578313253012,9.240963855421686,571.156626506024,815.566265060241,4.0,26207.751076,30269745.842699997
28912.831325301206,14155.301204819278,14757.530120481928,8075.240963855422,20837.590361445782,7098.951807228916,4884.253012048192,77.8433734939759,7380.578313253012,9.240963855421686,571.156626506024,815.566265060241,4.0,33459.2834981,42551183.4528
30068.448979591838,14181.734693877552,15886.714285714286,16957.122448979593,13111.326530612245,2680.673469387755,8508.102040816326,69.6734693877551,1102.3061224489795,6.36734693877551,267.61224489795916,476.59183673469386,2.0,18897.4876268,18163734.6669
30068.448979591838,14181.734693877552,15886.714285714286,16957.122448979593,13111.326530612245,2680.673469387755,8508.102040816326,69.6734693877551,1102.3061224489795,6.36734693877551,267.61224489795916,476.59183673469386,2.0,37646.5885349,62983243.6267
28912.831325301206,14155.301204819278,14757.530120481928,8075.240963855422,20837.590361445782,7098.951807228916,4884.253012048192,77.8433734939759,7380.578313253012,9.240963855421686,571.156626506024,815.566265060241,4.0,67119.9688284,50502112.9048
28912.831325301206,14155.301204819278,14757.530120481928,8075.240963855422,20837.590361445782,7098.951807228916,4884.253012048192,77.8433734939759,7380.578313253012,9.240963855421686,571.156626506024,815.566265060241,4.0,21348.912448,8929707.70127
21443.217391304348,10467.608695652174,10975.608695652174,3954.6521739130435,17488.565217391304,12788.608695652174,1949.9565217391305,29.217391304347824,2221.782608695652,0.0,45.73913043478261,453.2608695652174,5.0,35208.1936366,35251372.5718
28912.831325301206,14155.301204819278,14757.530120481928,8075.240963855422,20837.590361445782,7098.951807228916,4884.253012048192,77.8433734939759,7380.578313253012,9.240963855421686,571.156626506024,815.566265060241,4.0,55266.02918360001,47235424.4955
39309.565217391304,18724.27536231884,20585.289855072464,7384.449275362319,31925.115942028984,14439.623188405798,11254.797101449276,48.81159420289855,4618.63768115942,16.463768115942027,258.768115942029,1288.0144927536232,3.0,91280.1048494,63370522.47230001
39309.565217391304,18724.27536231884,20585.289855072464,7384.449275362319,31925.115942028984,14439.623188405798,11254.797101449276,48.81159420289855,4618.63768115942,16.463768115942027,258.768115942029,1288.0144927536232,3.0,26521.9177435,18284900.8637
21443.217391304348,10467.608695652174,10975.608695652174,3954.6521739130435,17488.565217391304,12788.608695652174,1949.9565217391305,29.217391304347824,2221.782608695652,0.0,45.73913043478261,453.2608695652174,5.0,9028.40280198,3768355.0523400004
43615.10526315789,20781.973684210527,22833.13157894737,11036.684210526315,32578.42105263158,20508.105263157893,5279.289473684211,41.973684210526315,5196.421052631579,9.842105263157896,272.44736842105266,1270.342105263158,1.0,18577.1117366,12916760.8595
30068.448979591838,14181.734693877552,15886.714285714286,16957.122448979593,13111.326530612245,2680.673469387755,8508.102040816326,69.6734693877551,1102.3061224489795,6.36734693877551,267.61224489795916,476.59183673469386,2.0,18348.8724207,7798457.745099999
30068.448979591838,14181.734693877552,15886.714285714286,16957.122448979593,13111.326530612245,2680.673469387755,8508.102040816326,69.6734693877551,1102.3061224489795,6.36734693877551,267.61224489795916,476.59183673469386,2.0,26836.6197362,32208011.1061
30068.448979591838,14181.734693877552,15886.714285714286,16957.122448979593,13111.326530612245,2680.673469387755,8508.102040816326,69.6734693877551,1102.3061224489795,6.36734693877551,267.61224489795916,476.59183673469386,2.0,40474.1737105,30319584.7133
28912.831325301206,14155.301204819278,14757.530120481928,8075.240963855422,20837.590361445782,7098.951807228916,4884.253012048192,77.8433734939759,7380.578313253012,9.240963855421686,571.156626506024,815.566265060241,4.0,33185.0982446,37862543.2305
28912.831325301206,14155.301204819278,14757.530120481928,8075.240963855422,20837.590361445782,7098.951807228916,4884.253012048192,77.8433734939759,7380.578313253012,9.240963855421686,571.156626506024,815.566265060241,4.0,36690.0780316,81836523.9677
28912.831325301206,14155.301204819278,14757.530120481928,8075.240963855422,20837.590361445782,7098.951807228916,4884.253012048192,77.8433734939759,7380.578313253012,9.240963855421686,571.156626506024,815.566265060241,4.0,21161.5689959,15849139.7495
39309.565217391304,18724.27536231884,20585.289855072464,7384.449275362319,31925.115942028984,14439.623188405798,11254.797101449276,48.81159420289855,4618.63768115942,16.463768115942027,258.768115942029,1288.0144927536232,3.0,18250.2802623,15208960.6551
28912.831325301206,14155.301204819278,14757.530120481928,8075.240963855422,20837.590361445782,7098.951807228916,4884.253012048192,77.8433734939759,7380.578313253012,9.240963855421686,571.156626506024,815.566265060241,4.0,28395.9712007,11848150.5698
39309.565217391304,18724.27536231884,20585.289855072464,7384.449275362319,31925.115942028984,14439.623188405798,11254.797101449276,48.81159420289855,4618.63768115942,16.463768115942027,258.768115942029,1288.0144927536232,3.0,32929.6812677,27086261.2578
28912.831325301206,14155.301204819278,14757.530120481928,8075.240963855422,20837.590361445782,7098.951807228916,4884.253012048192,77.8433734939759,7380.578313253012,9.240963855421686,571.156626506024,815.566265060241,4.0,27779.4049517,34464287.6488
28912.831325301206,14155.301204819278,14757.530120481928,8075.240963855422,20837.590361445782,7098.951807228916,4884.253012048192,77.8433734939759,7380.578313253012,9.240963855421686,571.156626506024,815.566265060241,4.0,46029.1389596,57436523.9017
28912.831325301206,14155.301204819278,14757.530120481928,8075.240963855422,20837.590361445782,7098.951807228916,4884.253012048192,77.8433734939759,7380.578313253012,9.240963855421686,571.156626506024,815.566265060241,4.0,41392.537704,74276850.0334
21443.217391304348,10467.608695652174,10975.608695652174,3954.6521739130435,17488.565217391304,12788.608695652174,1949.9565217391305,29.217391304347824,2221.782608695652,0.0,45.73913043478261,453.2608695652174,5.0,31943.5251373,26507820.527399994
28912.831325301206,14155.301204819278,14757.530120481928,8075.240963855422,20837.590361445782,7098.951807228916,4884.253012048192,77.8433734939759,7380.578313253012,9.240963855421686,571.156626506024,815.566265060241,4.0,11694.1566971,8754117.38484
28912.831325301206,14155.301204819278,14757.530120481928,8075.240963855422,20837.590361445782,7098.951807228916,4884.253012048192,77.8433734939759,7380.578313253012,9.240963855421686,571.156626506024,815.566265060241,4.0,8656.46287824,4388717.1744
43615.10526315789,20781.973684210527,22833.13157894737,11036.684210526315,32578.42105263158,20508.105263157893,5279.289473684211,41.973684210526315,5196.421052631579,9.842105263157896,272.44736842105266,1270.342105263158,1.0,11061.8194696,5575563.16439
28912.831325301206,14155.301204819278,14757.530120481928,8075.240963855422,20837.590361445782,7098.951807228916,4884.253012048192,77.8433734939759,7380.578313253012,9.240963855421686,571.156626506024,815.566265060241,4.0,34952.1548019,47701716.7875
28912.831325301206,14155.301204819278,14757.530120481928,8075.240963855422,20837.590361445782,7098.951807228916,4884.253012048192,77.8433734939759,7380.578313253012,9.240963855421686,571.156626506024,815.566265060241,4.0,16111.6112853,4500281.95583
28912.831325301206,14155.301204819278,14757.530120481928,8075.240963855422,20837.590361445782,7098.951807228916,4884.253012048192,77.8433734939759,7380.578313253012,9.240963855421686,571.156626506024,815.566265060241,4.0,22732.9054395,8783519.3508
39309.565217391304,18724.27536231884,20585.289855072464,7384.449275362319,31925.115942028984,14439.623188405798,11254.797101449276,48.81159420289855,4618.63768115942,16.463768115942027,258.768115942029,1288.0144927536232,3.0,24014.323598,18754283.612
39309.565217391304,18724.27536231884,20585.289855072464,7384.449275362319,31925.115942028984,14439.623188405798,11254.797101449276,48.81159420289855,4618.63768115942,16.463768115942027,258.768115942029,1288.0144927536232,3.0,15982.479579700002,11749149.0763
39309.565217391304,18724.27536231884,20585.289855072464,7384.449275362319,31925.115942028984,14439.623188405798,11254.797101449276,48.81159420289855,4618.63768115942,16.463768115942027,258.768115942029,1288.0144927536232,3.0,79869.4679702,50378926.2235
43615.10526315789,20781.973684210527,22833.13157894737,11036.684210526315,32578.42105263158,20508.105263157893,5279.289473684211,41.973684210526315,5196.421052631579,9.842105263157896,272.44736842105266,1270.342105263158,1.0,48948.7095579,11991312.6869
39309.565217391304,18724.27536231884,20585.289855072464,7384.449275362319,31925.115942028984,14439.623188405798,11254.797101449276,48.81159420289855,4618.63768115942,16.463768115942027,258.768115942029,1288.0144927536232,3.0,10950.2090969,5585573.16906
30068.448979591838,14181.734693877552,15886.714285714286,16957.122448979593,13111.326530612245,2680.673469387755,8508.102040816326,69.6734693877551,1102.3061224489795,6.36734693877551,267.61224489795916,476.59183673469386,2.0,86661.1880036,66476945.109000005
21443.217391304348,10467.608695652174,10975.608695652174,3954.6521739130435,17488.565217391304,12788.608695652174,1949.9565217391305,29.217391304347824,2221.782608695652,0.0,45.73913043478261,453.2608695652174,5.0,71381.2178861,186310664.447
21443.217391304348,10467.608695652174,10975.608695652174,3954.6521739130435,17488.565217391304,12788.608695652174,1949.9565217391305,29.217391304347824,2221.782608695652,0.0,45.73913043478261,453.2608695652174,5.0,31620.254534800002,24241445.8731
21443.217391304348,10467.608695652174,10975.608695652174,3954.6521739130435,17488.565217391304,12788.608695652174,1949.9565217391305,29.217391304347824,2221.782608695652,0.0,45.73913043478261,453.2608695652174,5.0,82939.2641193,126774044.212
30068.448979591838,14181.734693877552,15886.714285714286,16957.122448979593,13111.326530612245,2680.673469387755,8508.102040816326,69.6734693877551,1102.3061224489795,6.36734693877551,267.61224489795916,476.59183673469386,2.0,18324.1149353,15826653.868599998
43615.10526315789,20781.973684210527,22833.13157894737,11036.684210526315,32578.42105263158,20508.105263157893,5279.289473684211,41.973684210526315,5196.421052631579,9.842105263157896,272.44736842105266,1270.342105263158,1.0,21222.4732506,13577224.5172
43615.10526315789,20781.973684210527,22833.13157894737,11036.684210526315,32578.42105263158,20508.105263157893,5279.289473684211,41.973684210526315,5196.421052631579,9.842105263157896,272.44736842105266,1270.342105263158,1.0,5307.3913722,1091250.04725
30068.448979591838,14181.734693877552,15886.714285714286,16957.122448979593,13111.326530612245,2680.673469387755,8508.102040816326,69.6734693877551,1102.3061224489795,6.36734693877551,267.61224489795916,476.59183673469386,2.0,27360.619793000005,18313195.0913
30068.448979591838,14181.734693877552,15886.714285714286,16957.122448979593,13111.326530612245,2680.673469387755,8508.102040816326,69.6734693877551,1102.3061224489795,6.36734693877551,267.61224489795916,476.59183673469386,2.0,21833.819081,19642543.0089
43615.10526315789,20781.973684210527,22833.13157894737,11036.684210526315,32578.42105263158,20508.105263157893,5279.289473684211,41.973684210526315,5196.421052631579,9.842105263157896,272.44736842105266,1270.342105263158,1.0,23778.4105854,20065363.9643
43615.10526315789,20781.973684210527,22833.13157894737,11036.684210526315,32578.42105263158,20508.105263157893,5279.289473684211,41.973684210526315,5196.421052631579,9.842105263157896,272.44736842105266,1270.342105263158,1.0,38425.3835836,21500956.4348
43615.10526315789,20781.973684210527,22833.13157894737,11036.684210526315,32578.42105263158,20508.105263157893,5279.289473684211,41.973684210526315,5196.421052631579,9.842105263157896,272.44736842105266,1270.342105263158,1.0,18075.2399921,13645033.6431
43615.10526315789,20781.973684210527,22833.13157894737,11036.684210526315,32578.42105263158,20508.105263157893,5279.289473684211,41.973684210526315,5196.421052631579,9.842105263157896,272.44736842105266,1270.342105263158,1.0,24906.0092231,25410667.6755
43615.10526315789,20781.973684210527,22833.13157894737,11036.684210526315,32578.42105263158,20508.105263157893,5279.289473684211,41.973684210526315,5196.421052631579,9.842105263157896,272.44736842105266,1270.342105263158,1.0,19952.420525,15797448.7172
43615.10526315789,20781.973684210527,22833.13157894737,11036.684210526315,32578.42105263158,20508.105263157893,5279.289473684211,41.973684210526315,5196.421052631579,9.842105263157896,272.44736842105266,1270.342105263158,1.0,14867.8727404,13200449.8308
30068.448979591838,14181.734693877552,15886.714285714286,16957.122448979593,13111.326530612245,2680.673469387755,8508.102040816326,69.6734693877551,1102.3061224489795,6.36734693877551,267.61224489795916,476.59183673469386,2.0,32859.7596476,50659356.9805
30068.448979591838,14181.734693877552,15886.714285714286,16957.122448979593,13111.326530612245,2680.673469387755,8508.102040816326,69.6734693877551,1102.3061224489795,6.36734693877551,267.61224489795916,476.59183673469386,2.0,39101.72647,39646811.8654
43615.10526315789,20781.973684210527,22833.13157894737,11036.684210526315,32578.42105263158,20508.105263157893,5279.289473684211,41.973684210526315,5196.421052631579,9.842105263157896,272.44736842105266,1270.342105263158,1.0,26731.5961321,24773510.5425
43615.10526315789,20781.973684210527,22833.13157894737,11036.684210526315,32578.42105263158,20508.105263157893,5279.289473684211,41.973684210526315,5196.421052631579,9.842105263157896,272.44736842105266,1270.342105263158,1.0,22198.4101955,21026875.5444
30068.448979591838,14181.734693877552,15886.714285714286,16957.122448979593,13111.326530612245,2680.673469387755,8508.102040816326,69.6734693877551,1102.3061224489795,6.36734693877551,267.61224489795916,476.59183673469386,2.0,21994.1099654,11701999.6844
21443.217391304348,10467.608695652174,10975.608695652174,3954.6521739130435,17488.565217391304,12788.608695652174,1949.9565217391305,29.217391304347824,2221.782608695652,0.0,45.73913043478261,453.2608695652174,5.0,55176.362875,85360024.5582
43615.10526315789,20781.973684210527,22833.13157894737,11036.684210526315,32578.42105263158,20508.105263157893,5279.289473684211,41.973684210526315,5196.421052631579,9.842105263157896,272.44736842105266,1270.342105263158,1.0,21502.3123342,14292674.5499
30068.448979591838,14181.734693877552,15886.714285714286,16957.122448979593,13111.326530612245,2680.673469387755,8508.102040816326,69.6734693877551,1102.3061224489795,6.36734693877551,267.61224489795916,476.59183673469386,2.0,23750.991659400002,15373585.5197
21443.217391304348,10467.608695652174,10975.608695652174,3954.6521739130435,17488.565217391304,12788.608695652174,1949.9565217391305,29.217391304347824,2221.782608695652,0.0,45.73913043478261,453.2608695652174,5.0,42608.1035929,76529172.3276
28912.831325301206,14155.301204819278,14757.530120481928,8075.240963855422,20837.590361445782,7098.951807228916,4884.253012048192,77.8433734939759,7380.578313253012,9.240963855421686,571.156626506024,815.566265060241,4.0,44452.516922,52637756.43339999
30068.448979591838,14181.734693877552,15886.714285714286,16957.122448979593,13111.326530612245,2680.673469387755,8508.102040816326,69.6734693877551,1102.3061224489795,6.36734693877551,267.61224489795916,476.59183673469386,2.0,29370.820295300004,36242274.381
39309.565217391304,18724.27536231884,20585.289855072464,7384.449275362319,31925.115942028984,14439.623188405798,11254.797101449276,48.81159420289855,4618.63768115942,16.463768115942027,258.768115942029,1288.0144927536232,3.0,28158.3161968,28862142.328
39309.565217391304,18724.27536231884,20585.289855072464,7384.449275362319,31925.115942028984,14439.623188405798,11254.797101449276,48.81159420289855,4618.63768115942,16.463768115942027,258.768115942029,1288.0144927536232,3.0,21234.3003046,15312045.7153
28912.831325301206,14155.301204819278,14757.530120481928,8075.240963855422,20837.590361445782,7098.951807228916,4884.253012048192,77.8433734939759,7380.578313253012,9.240963855421686,571.156626506024,815.566265060241,4.0,21956.4209131,23727497.0795
30068.448979591838,14181.734693877552,15886.714285714286,16957.122448979593,13111.326530612245,2680.673469387755,8508.102040816326,69.6734693877551,1102.3061224489795,6.36734693877551,267.61224489795916,476.59183673469386,2.0,18168.5906674,17886378.6263
28912.831325301206,14155.301204819278,14757.530120481928,8075.240963855422,20837.590361445782,7098.951807228916,4884.253012048192,77.8433734939759,7380.578313253012,9.240963855421686,571.156626506024,815.566265060241,4.0,31737.8884278,32949474.968299996
30068.448979591838,14181.734693877552,15886.714285714286,16957.122448979593,13111.326530612245,2680.673469387755,8508.102040816326,69.6734693877551,1102.3061224489795,6.36734693877551,267.61224489795916,476.59183673469386,2.0,9673.8535455,2808903.02686
